{"Trading Strategy":{"0":[501,515],"1":[502,515],"2":[502,269],"3":[501,269],"4":[485,488],"5":[422,299],"6":[422,491],"7":[422,490],"8":[504,103],"9":[501,103],"10":[8,8],"11":[112,112],"12":[139,112],"13":[139,139],"14":[112,139]},"ARR":{"0":1.0472972973,"1":1.0472972973,"2":1.0439189189,"3":1.0439189189,"4":1.0401459854,"5":1.0253164557,"6":1.0144665461,"7":1.0144665461,"8":1.0,"9":0.9966216216,"10":0.00321296,"11":0.0059035699,"12":0.0059035699,"13":0.0059035699,"14":0.0059035699},"MDD":{"0":1.0,"1":1.0,"2":0.9969366916,"3":0.9969366916,"4":0.9935156246,"5":0.9800691075,"6":0.9702310684,"7":0.9702310684,"8":0.9571136828,"9":0.9540503744,"10":0.0,"11":0.0054458816,"12":0.0054458816,"13":0.0054458816,"14":0.0054458816},"TF":{"0":1.0,"1":1.0,"2":1.0,"3":1.0,"4":1.0,"5":1.0,"6":1.0,"7":1.0,"8":1.0,"9":1.0,"10":143.0,"11":135.0,"12":135.0,"13":135.0,"14":135.0}}