{"Trading Strategy":{"0":[507,302],"1":[507,301],"2":[510,301],"3":[510,302],"4":[492,301],"5":[492,302],"6":[4,302],"7":[4,301],"8":[485,302],"9":[485,301],"10":[8,8],"11":[112,139],"12":[112,112],"13":[139,112],"14":[139,139]},"ARR":{"0":10.8777292576,"1":10.8777292576,"2":10.8777292576,"3":10.8777292576,"4":10.8777292576,"5":10.8777292576,"6":10.724137931,"7":10.724137931,"8":10.724137931,"9":10.724137931,"10":0.0082662282,"11":0.0064985651,"12":0.0064985651,"13":0.0064985651,"14":0.0064985651},"MDD":{"0":1.0,"1":1.0,"2":1.0,"3":1.0,"4":1.0,"5":1.0,"6":0.9861531973,"7":0.9861531973,"8":0.9861531973,"9":0.9861531973,"10":0.0,"11":0.0032352865,"12":0.0032352865,"13":0.0032352865,"14":0.0032352865},"TF":{"0":1.0,"1":1.0,"2":1.0,"3":1.0,"4":1.0,"5":1.0,"6":1.0,"7":1.0,"8":1.0,"9":1.0,"10":146.0,"11":144.0,"12":144.0,"13":144.0,"14":144.0}}