{"Trading Strategy":{"0":[417,476],"1":[417,475],"2":[417,484],"3":[417,483],"4":[302,492],"5":[301,492],"6":[417,404],"7":[417,299],"8":[417,420],"9":[417,481],"10":[8,8],"11":[112,139],"12":[112,112],"13":[139,112],"14":[139,139]},"ARR":{"0":1.6272912463,"1":1.6272912463,"2":1.5661916035,"3":1.5661916035,"4":1.4893617021,"5":1.4893617021,"6":1.4847250893,"7":1.4847250893,"8":1.4694501786,"9":1.4694501786,"10":-0.0000224942,"11":0.0042922519,"12":0.0042922519,"13":0.0042922519,"14":0.0042922519},"MDD":{"0":1.0,"1":1.0,"2":0.9658524811,"3":0.9658524811,"4":0.9229135967,"5":0.9229135967,"6":0.9203222751,"7":0.9203222751,"8":0.9117853954,"9":0.9117853954,"10":0.0,"11":0.0336122303,"12":0.0336122303,"13":0.0336122303,"14":0.0336122303},"TF":{"0":1.0,"1":1.0,"2":1.0,"3":1.0,"4":1.0,"5":1.0,"6":1.0,"7":1.0,"8":1.0,"9":1.0,"10":154.0,"11":144.0,"12":144.0,"13":144.0,"14":144.0}}