{"Trading Strategy":{"0":[4,305],"1":[4,102],"2":[4,270],"3":[4,323],"4":[4,98],"5":[4,97],"6":[4,291],"7":[4,434],"8":[4,398],"9":[4,399],"10":[55,55],"11":[112,139],"12":[112,112],"13":[139,112],"14":[139,139]},"ARR":{"0":0.0604651163,"1":0.0558139535,"2":0.0511627907,"3":0.0511627907,"4":0.0511627907,"5":0.0511627907,"6":0.0511627907,"7":0.0511627907,"8":0.0511627907,"9":0.0511627907,"10":-0.002332678,"11":-0.0012292695,"12":-0.0012292695,"13":-0.0012292695,"14":-0.0012292695},"MDD":{"0":1.0,"1":0.9569672131,"2":0.9139344262,"3":0.9139344262,"4":0.9139344262,"5":0.9139344262,"6":0.9139344262,"7":0.9139344262,"8":0.9139344262,"9":0.9139344262,"10":0.2273929138,"11":0.0,"12":0.0,"13":0.0,"14":0.0},"TF":{"0":1.0,"1":1.0,"2":1.0,"3":1.0,"4":1.0,"5":1.0,"6":1.0,"7":1.0,"8":1.0,"9":1.0,"10":120.0,"11":119.0,"12":119.0,"13":119.0,"14":119.0}}