{"Trading Strategy":{"0":[81,13],"1":[82,13],"2":[371,13],"3":[309,11],"4":[85,11],"5":[328,11],"6":[193,11],"7":[309,468],"8":[328,468],"9":[85,468],"10":[127,13],"11":[154,13],"12":[363,11],"13":[111,11],"14":[113,11]},"ARR":{"0":0.3254557391,"1":0.3254557391,"2":0.2974223337,"3":0.2605156767,"4":0.2605156767,"5":0.2605156767,"6":0.2589105635,"7":0.2557667148,"8":0.2557667148,"9":0.2557667148,"10":0.255115158,"11":0.255115158,"12":0.2545577002,"13":0.2545577002,"14":0.2545577002},"MDD":{"0":0.3254557391,"1":0.3254557391,"2":0.2974223337,"3":0.2605156767,"4":0.2605156767,"5":0.2605156767,"6":0.2589105635,"7":0.2557667148,"8":0.2557667148,"9":0.2557667148,"10":0.255115158,"11":0.255115158,"12":0.2545577002,"13":0.2545577002,"14":0.2545577002},"TF":{"0":1.0,"1":1.0,"2":1.0,"3":1.0,"4":1.0,"5":1.0,"6":1.0,"7":1.0,"8":1.0,"9":1.0,"10":1.0,"11":1.0,"12":1.0,"13":1.0,"14":1.0}}