{"Trading Strategy":{"0":[500,431],"1":[500,304],"2":[500,305],"3":[500,473],"4":[500,443],"5":[500,454],"6":[500,494],"7":[500,488],"8":[500,481],"9":[500,448],"10":[8,8],"11":[112,139],"12":[139,139],"13":[139,112],"14":[112,112]},"ARR":{"0":1.0247993709,"1":0.9824943522,"2":0.9657183662,"3":0.9606125151,"4":0.948212941,"5":0.948212941,"6":0.9380014615,"7":0.9365425834,"8":0.9299780768,"9":0.9248722257,"10":0.0025168194,"11":0.00204127,"12":0.00204127,"13":0.00204127,"14":0.00204127},"MDD":{"0":1.0,"1":0.9609436311,"2":0.9454558918,"3":0.9407421248,"4":0.9292947279,"5":0.9292947279,"6":0.9198673994,"7":0.9185205501,"8":0.9124601393,"9":0.9077463723,"10":0.0014518501,"11":0.0,"12":0.0,"13":0.0,"14":0.0},"TF":{"0":1.0,"1":1.0,"2":1.0,"3":1.0,"4":1.0,"5":1.0,"6":1.0,"7":1.0,"8":1.0,"9":1.0,"10":178.0,"11":139.0,"12":139.0,"13":139.0,"14":139.0}}