{"Trading Strategy":{"0":[500,431],"1":[500,304],"2":[500,305],"3":[500,473],"4":[500,443],"5":[500,454],"6":[500,494],"7":[500,488],"8":[500,481],"9":[500,448],"10":[500,459],"11":[500,493],"12":[500,460],"13":[500,449],"14":[8,8],"15":[112,139],"16":[139,139],"17":[139,112],"18":[112,112],"19":[8,139],"20":[8,112]},"ARR":{"0":1.0247993709,"1":0.9824943522,"2":0.9657183662,"3":0.9606125151,"4":0.948212941,"5":0.948212941,"6":0.9380014615,"7":0.9365425834,"8":0.9299780768,"9":0.9248722257,"10":0.9248722257,"11":0.9226841311,"12":0.9183077191,"13":0.9183077191,"14":0.0025168194,"15":0.00204127,"16":0.00204127,"17":0.00204127,"18":0.00204127,"19":0.003222244,"20":0.003222244},"MDD":{"0":1.0,"1":0.9641027496,"2":0.9498677535,"3":0.9455352649,"4":0.9350138036,"5":0.9350138036,"6":0.9263490152,"7":0.9251111073,"8":0.9195408997,"9":0.915208411,"10":0.915208411,"11":0.9133517381,"12":0.9096382034,"13":0.9096382034,"14":0.0822205437,"15":0.0808861281,"16":0.0808861281,"17":0.0808861281,"18":0.0808861281,"19":0.0,"20":0.0},"TF":{"0":1.0,"1":1.0,"2":1.0,"3":1.0,"4":1.0,"5":1.0,"6":1.0,"7":1.0,"8":1.0,"9":1.0,"10":1.0,"11":1.0,"12":1.0,"13":1.0,"14":178.0,"15":139.0,"16":139.0,"17":139.0,"18":139.0,"19":128.0,"20":128.0}}