{"Trading Strategy":{"0":[422,493],"1":[422,431],"2":[485,493],"3":[422,490],"4":[422,491],"5":[422,494],"6":[485,431],"7":[485,490],"8":[485,491],"9":[485,494],"10":[8,8],"11":[112,139],"12":[112,112],"13":[139,139],"14":[139,112]},"ARR":{"0":1.3855932203,"1":1.3728813559,"2":1.3458333333,"3":1.343220339,"4":1.343220339,"5":1.343220339,"6":1.3333333333,"7":1.3041666667,"8":1.3041666667,"9":1.3041666667,"10":0.0009370145,"11":0.0025395804,"12":0.0025395804,"13":0.0025395804,"14":0.0025395804},"MDD":{"0":1.0,"1":0.9912754466,"2":0.9727115358,"3":0.9709181554,"4":0.9709181554,"5":0.9709181554,"6":0.9641323916,"7":0.9441143886,"8":0.9441143886,"9":0.9441143886,"10":0.0096641665,"11":0.0,"12":0.0,"13":0.0,"14":0.0},"TF":{"0":1.0,"1":1.0,"2":1.0,"3":1.0,"4":1.0,"5":1.0,"6":1.0,"7":1.0,"8":1.0,"9":1.0,"10":163.0,"11":139.0,"12":139.0,"13":139.0,"14":139.0}}