{"Trading Strategy":{"0":[288,430],"1":[119,6],"2":[146,6],"3":[114,6],"4":[141,6],"5":[471,6],"6":[330,6],"7":[311,6],"8":[91,6],"9":[86,6],"10":[8,8],"11":[112,139],"12":[139,139],"13":[139,112],"14":[112,112]},"ARR":{"0":0.6056572696,"1":0.5973378028,"2":0.5973378028,"3":0.5894040063,"4":0.5894040063,"5":0.5894040063,"6":0.5737704009,"7":0.5737704009,"8":0.5737704009,"9":0.5711947966,"10":-0.0005292229,"11":0.0020200601,"12":0.0020200601,"13":0.0020200601,"14":0.0020200601},"MDD":{"0":1.0,"1":0.9876655158,"2":0.9876655158,"3":0.9759028286,"4":0.9759028286,"5":0.9759028286,"6":0.9527243652,"7":0.9527243652,"8":0.9527243652,"9":0.948905761,"10":0.0,"11":0.0015338394,"12":0.0015338394,"13":0.0015338394,"14":0.0015338394},"TF":{"0":1.0,"1":1.0,"2":1.0,"3":1.0,"4":1.0,"5":1.0,"6":1.0,"7":1.0,"8":1.0,"9":1.0,"10":70.0,"11":68.0,"12":68.0,"13":68.0,"14":68.0}}