{"Trading Strategy":{"0":[8,442],"1":[8,453],"2":[8,485],"3":[8,500],"4":[8,422],"5":[8,480],"6":[8,503],"7":[8,498],"8":[8,417],"9":[8,507],"10":[8,8],"11":[112,139],"12":[139,139],"13":[112,112],"14":[139,112]},"ARR":{"0":0.5117924985,"1":0.5117924985,"2":0.4817955034,"3":0.4653598029,"4":0.4588001427,"5":0.4522405949,"6":0.4351415959,"7":0.4321935275,"8":0.4306457185,"9":0.4270342392,"10":0.0017417175,"11":0.0054629511,"12":0.0054629511,"13":0.0054629511,"14":0.0054629511},"MDD":{"0":1.0,"1":1.0,"2":0.9462583941,"3":0.9168127466,"4":0.9050606803,"5":0.8933088155,"6":0.8626748247,"7":0.8573931647,"8":0.8546201622,"9":0.8481499574,"10":0.0,"11":0.0155677302,"12":0.0155677302,"13":0.0155677302,"14":0.0155677302},"TF":{"0":1.0,"1":1.0,"2":1.0,"3":1.0,"4":1.0,"5":1.0,"6":1.0,"7":1.0,"8":1.0,"9":1.0,"10":65.0,"11":48.0,"12":48.0,"13":48.0,"14":48.0}}